{"train_losses": [3.3615315777873644, 2.4171556355244608, 2.241155434385197, 2.1538094341213907, 2.094529494939426, 2.0492452366875034, 2.0116200254467214, 1.9779086044188723, 1.9480759989207275, 1.923631662617675, 1.900802113762498, 1.8808892284454712, 1.864409194013884, 1.849563298445351, 1.8362999724636115, 1.8247862678999451, 1.8150522434629635, 1.8052373397074346, 1.796688351247657, 1.7889110860491366], "valid_losses": [2.8138989497667835, 2.5980159742709197, 2.516677878372751, 2.4602891607678714, 2.431139638209911, 2.4079249621866854, 2.400749291751565, 2.381980375981064, 2.3707347775995027, 2.3627012938726475, 2.357120110176587, 2.354592923167226, 2.363074764014607, 2.3412814182068464, 2.332533980190688, 2.32745861081901, 2.347945128052858, 2.327267034494984, 2.3201377756457577, 2.318905546643001], "recon_losses": [], "KL_losses": [], "num_epochs": 20, "avg_epoch_time": 484.562948846817, "learning_rate": 0.0001, "batch_size": 64, "sample_rate": 16000, "n_fft": 1500, "hop_length": 250, "input_height": 1500, "input_width": 251, "latent_dim": 200, "timestamp": "18/05/2025 20:12:06"}