{"train_losses": [3657629.366801231, 2201871.2144076, 2816865.4001927697, 1911189.4395562836, 1781905.6184453934, 1712016.123552065, 1651722.818007555, 1630671.685829256, 1635577.800971629, 1580443.4501275048, 1537337.4496222404, 1503908.4173328609, 1582802.16022242, 1485077.8944879065, 2676405.8049644716, 1614753.782688318, 1448895.9876411196, 1428849.6827855674, 1753605.3781461248, 1590862.6741524178], "valid_losses": [2626473.022243256, 2176563.207879792, 2213088.1231266763, 2002692.1193011517, 1972755.9816611453, 1907604.93011516, 1878986.317794605, 1864875.4246135037, 1895335.9257769363, 1848673.192321344, 1836027.6507335543, 1827979.7423292317, 1830692.7257059473, 1814724.864686859, 1869869.0673312037, 1815288.690724089, 1800060.4837513804, 1794325.3308092759, 1821307.844908503, 1803022.9607193563], "recon_losses": [3593500.6034612125, 2155755.851966598, 2790807.2083124425, 1886041.8700644872, 1758103.454421604, 1693154.8945834269, 1640494.8227312805, 1619503.053322038, 1623870.7584447018, 1568816.491001193, 1527182.6290970072, 1495419.6071575526, 1577031.3086426584, 1478970.481423212, 2666912.1534413304, 1600978.1680399717, 1438686.623080514, 1420692.5432962778, 1741932.477681921, 1575229.4785498176], "KL_losses": [320643.8037315496, 115288.40089901627, 43430.449956778066, 31434.462335108314, 23802.165221901418, 18861.228021645544, 11227.996768079736, 11168.631784331184, 11707.04222696703, 11626.960445013054, 10154.817717319895, 8488.811015326499, 5770.851955576494, 6107.412334676094, 9493.702663335696, 13775.62216042686, 10209.362957396137, 8157.140385928667, 11672.90480174098, 15633.197683196177], "num_epochs": 20, "avg_epoch_time": 544.7061097383499, "learning_rate": 0.0001, "batch_size": 64, "sample_rate": 16000, "n_fft": 1500, "hop_length": 250, "input_height": 1500, "input_width": 251, "latent_dim": 200, "patience": 10, "warmup": 5, "timestamp": "21/05/2025 19:40:50"}

